-- MySQL dump 10.13  Distrib 8.0.18, for macos10.14 (x86_64)
--
-- Host: localhost    Database: sobzav
-- ------------------------------------------------------
-- Server version	8.0.18

/*!40101 SET @OLD_CHARACTER_SET_CLIENT=@@CHARACTER_SET_CLIENT */;
/*!40101 SET @OLD_CHARACTER_SET_RESULTS=@@CHARACTER_SET_RESULTS */;
/*!40101 SET @OLD_COLLATION_CONNECTION=@@COLLATION_CONNECTION */;
/*!50503 SET NAMES utf8 */;
/*!40103 SET @OLD_TIME_ZONE=@@TIME_ZONE */;
/*!40103 SET TIME_ZONE='+00:00' */;
/*!40014 SET @OLD_UNIQUE_CHECKS=@@UNIQUE_CHECKS, UNIQUE_CHECKS=0 */;
/*!40014 SET @OLD_FOREIGN_KEY_CHECKS=@@FOREIGN_KEY_CHECKS, FOREIGN_KEY_CHECKS=0 */;
/*!40101 SET @OLD_SQL_MODE=@@SQL_MODE, SQL_MODE='NO_AUTO_VALUE_ON_ZERO' */;
/*!40111 SET @OLD_SQL_NOTES=@@SQL_NOTES, SQL_NOTES=0 */;

--
-- Dumping data for table `cell`
--

LOCK TABLES `cell` WRITE;
/*!40000 ALTER TABLE `cell` DISABLE KEYS */;
/*!40000 ALTER TABLE `cell` ENABLE KEYS */;
UNLOCK TABLES;

--
-- Dumping data for table `cell_type`
--

LOCK TABLES `cell_type` WRITE;
/*!40000 ALTER TABLE `cell_type` DISABLE KEYS */;
/*!40000 ALTER TABLE `cell_type` ENABLE KEYS */;
UNLOCK TABLES;

--
-- Dumping data for table `container`
--

LOCK TABLES `container` WRITE;
/*!40000 ALTER TABLE `container` DISABLE KEYS */;
/*!40000 ALTER TABLE `container` ENABLE KEYS */;
UNLOCK TABLES;

--
-- Dumping data for table `container_type`
--

LOCK TABLES `container_type` WRITE;
/*!40000 ALTER TABLE `container_type` DISABLE KEYS */;
/*!40000 ALTER TABLE `container_type` ENABLE KEYS */;
UNLOCK TABLES;

--
-- Dumping data for table `customer`
--

LOCK TABLES `customer` WRITE;
/*!40000 ALTER TABLE `customer` DISABLE KEYS */;
/*!40000 ALTER TABLE `customer` ENABLE KEYS */;
UNLOCK TABLES;

--
-- Dumping data for table `floor`
--

LOCK TABLES `floor` WRITE;
/*!40000 ALTER TABLE `floor` DISABLE KEYS */;
/*!40000 ALTER TABLE `floor` ENABLE KEYS */;
UNLOCK TABLES;

--
-- Dumping data for table `floor_type`
--

LOCK TABLES `floor_type` WRITE;
/*!40000 ALTER TABLE `floor_type` DISABLE KEYS */;
/*!40000 ALTER TABLE `floor_type` ENABLE KEYS */;
UNLOCK TABLES;

--
-- Dumping data for table `legal`
--

LOCK TABLES `legal` WRITE;
/*!40000 ALTER TABLE `legal` DISABLE KEYS */;
/*!40000 ALTER TABLE `legal` ENABLE KEYS */;
UNLOCK TABLES;

--
-- Dumping data for table `line`
--

LOCK TABLES `line` WRITE;
/*!40000 ALTER TABLE `line` DISABLE KEYS */;
/*!40000 ALTER TABLE `line` ENABLE KEYS */;
UNLOCK TABLES;

--
-- Dumping data for table `line_type`
--

LOCK TABLES `line_type` WRITE;
/*!40000 ALTER TABLE `line_type` DISABLE KEYS */;
/*!40000 ALTER TABLE `line_type` ENABLE KEYS */;
UNLOCK TABLES;

--
-- Dumping data for table `location`
--

LOCK TABLES `location` WRITE;
/*!40000 ALTER TABLE `location` DISABLE KEYS */;
/*!40000 ALTER TABLE `location` ENABLE KEYS */;
UNLOCK TABLES;

--
-- Dumping data for table `material`
--

LOCK TABLES `material` WRITE;
/*!40000 ALTER TABLE `material` DISABLE KEYS */;
INSERT  IGNORE INTO `material` (`id`, `name`) VALUES (1,'Картон'),(2,'Полипропилен'),(3,'Металл');
/*!40000 ALTER TABLE `material` ENABLE KEYS */;
UNLOCK TABLES;

--
-- Dumping data for table `order_phys_pers`
--

LOCK TABLES `order_phys_pers` WRITE;
/*!40000 ALTER TABLE `order_phys_pers` DISABLE KEYS */;
/*!40000 ALTER TABLE `order_phys_pers` ENABLE KEYS */;
UNLOCK TABLES;

--
-- Dumping data for table `package`
--

LOCK TABLES `package` WRITE;
/*!40000 ALTER TABLE `package` DISABLE KEYS */;
INSERT  IGNORE INTO `package` (`id`, `code`, `name`, `material_id`, `photo_id`, `payload`, `wx`, `wy`, `wz`, `iwx`, `iwy`, `iwz`, `color`, `created`, `updated`, `deleted`, `depth`, `turned`) VALUES (1,'BС01','Ячейка пластикового лотка',NULL,NULL,1000,25,25,30,0,0,0,'9DE0AD','2020-02-25 12:20:30',NULL,NULL,NULL,0),(4,'500.1','Стилаж с наполнением',1,NULL,900000,1000,2262,498,1000,2262,498,'006d8f','2020-02-25 12:20:30','2020-02-29 20:56:11',NULL,3,0),(5,'B500.11','Полка стилажа',3,NULL,100000,1000,200,500,0,0,0,'006D8F','2020-02-25 12:20:30',NULL,NULL,NULL,0),(6,'B500.12','Полка стилажа',3,NULL,100000,1000,300,500,0,0,0,'004D65','2020-02-25 12:20:30',NULL,NULL,NULL,0),(8,'B012','Контейнер пластиковый 120x120x60',NULL,NULL,0,112,53,112,112,53,112,'4aaa86','2020-02-10 02:21:21',NULL,NULL,NULL,0),(9,'B008','Контейнер пластиковый 40x40x28',NULL,NULL,0,36,36,26,36,36,26,'000000','2020-02-10 02:34:28',NULL,NULL,NULL,0),(10,'B016','Контейнер пластиковый 40x40x47',NULL,NULL,0,36,36,43,36,36,43,'000000','2020-02-10 02:36:33',NULL,NULL,NULL,0),(11,'B017','Контейнер пластиковый 52x50x55',NULL,NULL,0,51,49,55,51,49,55,'000000','2020-02-10 02:37:05',NULL,NULL,NULL,0),(12,'B007','Контейнер пластиковый 100x82x25',NULL,NULL,0,98,81,23,98,81,23,'000000','2020-02-10 02:42:56',NULL,NULL,NULL,0),(13,'B001','Контейнер пластиковый',NULL,NULL,0,121,36,76,114,30,68,'c9fffd','2020-02-10 02:45:35',NULL,NULL,NULL,0),(14,'B014','Контейнер пластиковый 150x66x95',NULL,NULL,0,145,60,86,145,60,86,'000000','2020-02-10 02:52:24',NULL,NULL,NULL,0),(15,'B013','Контейнер пластиковый 180x105x88',NULL,NULL,0,172,98,80,172,98,80,'000000','2020-02-10 02:54:51',NULL,NULL,NULL,0),(16,'B006','Контейнер пластиковый 208x82x45',NULL,NULL,0,77,34,202,77,34,202,'4c90a7','2020-02-10 02:58:05',NULL,NULL,NULL,0),(17,'B011','Контейнер пластиковый 240x110x65',NULL,NULL,0,99,56,234,99,56,234,'cde5ff','2020-02-10 03:00:23',NULL,NULL,NULL,0),(18,'B003','Контейнер пластиковый',NULL,NULL,0,25,34,23,21,31,19,'5371a9','2020-02-10 03:01:19',NULL,NULL,NULL,0),(19,'B004','Контейнер пластиковый 70x39x88',NULL,NULL,0,66,83,36,66,83,36,'000000','2020-02-10 03:03:37',NULL,NULL,NULL,0),(20,'B009','Контейнер пластиковый 75x50x28',NULL,NULL,0,73,49,24,73,49,24,'000000','2020-02-10 03:09:12',NULL,NULL,NULL,0),(21,'B005','Контейнер пластиковый 80x60x45',NULL,NULL,0,79,37,58,79,37,58,'6a98c5','2020-02-10 03:10:33',NULL,NULL,NULL,0),(24,'B015','Контейнер пластиковый 212х172х99',NULL,NULL,0,155,84,170,155,84,170,'000000','2020-02-10 04:58:40',NULL,NULL,NULL,0),(25,'018.4','Лоток картонный с наполнением',NULL,NULL,0,82,46,483,82,46,483,'b76612','2020-02-10 07:59:57',NULL,NULL,2,1),(26,'B019','Лоток картонный Тип 1',NULL,NULL,0,147,35,483,147,35,483,'bf8230','2020-02-11 00:01:07',NULL,NULL,NULL,0),(27,'B020','Лоток картонный Тип 2',NULL,NULL,0,123,65,483,123,65,483,'a65f00','2020-02-11 00:10:20',NULL,NULL,NULL,0),(28,'B021','Лоток картонный Три 3',NULL,NULL,0,180,100,483,180,100,483,'c87103','2020-02-11 00:10:57',NULL,NULL,NULL,0),(29,'023.6','Лоток картонный с наполнением',NULL,NULL,0,123,35,483,123,35,483,'b57c60','2020-02-11 00:12:42',NULL,NULL,2,1),(30,'B024','Лоток картонный Тип 6',NULL,NULL,0,82,47,383,82,47,383,'bf9b30','2020-02-11 00:13:19',NULL,NULL,NULL,0),(31,'B025','Лоток картонный Тип 7',NULL,NULL,0,82,28,383,82,28,383,'bf9b31','2020-02-11 00:13:47',NULL,NULL,NULL,0),(32,'B026','Лоток картонный Тип 8',NULL,NULL,0,147,35,383,147,35,383,'a67c00','2020-02-11 00:14:21',NULL,NULL,NULL,0),(33,'B027','Лоток картонный Тип 9',NULL,NULL,0,123,65,383,123,65,383,'ffcf40','2020-02-11 00:14:50',NULL,NULL,NULL,0),(34,'B028','Лоток картонный Тип 10',NULL,NULL,0,180,100,383,180,100,383,'e5c66b','2020-02-11 00:15:16',NULL,NULL,NULL,0),(36,'B002','Контейнер пластиковый',NULL,NULL,0,145,35,85,139,29,79,'a1bfbe','2020-02-13 02:59:12',NULL,NULL,NULL,0),(37,'B010','Контейнер пластиковый 165х120х58',NULL,NULL,0,114,52,159,114,52,159,'6a80a9','2020-02-13 03:00:16',NULL,NULL,NULL,0),(42,'B029','Ящик металлический Тип 1',NULL,NULL,0,325,210,498,325,210,498,'0042aa','2020-02-25 15:53:20','2020-03-04 02:35:30',NULL,3,0),(43,'B030','Ящик металлический Тип 2',NULL,NULL,0,210,250,498,210,250,498,'204580','2020-02-25 15:57:18','2020-03-04 02:35:55',NULL,3,0),(45,'B031','Ящик металлический Тип 3',NULL,NULL,0,198,210,498,0,0,0,'002b6f','2020-02-25 15:58:36',NULL,NULL,NULL,0),(46,'B032','Ящик металлический Тип 4',NULL,NULL,0,210,325,398,0,0,0,'3573d4','2020-02-25 15:59:24',NULL,NULL,NULL,0),(47,'B033','Ящик металлический Тип 5',NULL,NULL,0,210,250,398,0,0,0,'608dd4','2020-02-25 15:59:58',NULL,NULL,NULL,0),(49,'B034','Ящик металлический Тип 6',NULL,NULL,0,198,210,398,0,0,0,'6699ea','2020-02-25 16:01:23',NULL,NULL,NULL,0),(51,'B035','Полка Тип 0',NULL,NULL,0,998,210,498,0,0,0,'0c8873','2020-02-25 16:02:54',NULL,NULL,NULL,0),(53,'018.5','Лоток картонный с наполнением',NULL,NULL,0,82,46,483,82,46,483,'6b4b28','2020-02-25 16:04:18',NULL,NULL,2,1),(54,'035.5','Полка с наполнением',NULL,NULL,0,998,218,498,998,218,498,'124459','2020-02-25 16:12:00',NULL,NULL,2,0),(55,'021','Лоток картонный с наполнением',NULL,NULL,0,180,100,483,180,100,483,'c87103','2020-02-25 17:22:42',NULL,NULL,2,1),(56,'019','Лоток картонный с наполнением',NULL,NULL,0,147,35,483,147,35,483,'bf8230','2020-02-25 18:01:04',NULL,NULL,2,1),(58,'035.1','Полка с наполнением',NULL,NULL,0,998,218,498,998,218,498,'0ea035','2020-02-25 18:10:08',NULL,NULL,2,0),(59,'020.1','Лоток картонный с наполнением',NULL,NULL,0,123,65,483,123,65,483,'7d601f','2020-02-25 19:23:14',NULL,NULL,2,1),(60,'035.2','Полка с наполнением',NULL,NULL,0,998,218,498,998,218,498,'0c8873','2020-02-25 19:31:29','2020-03-03 20:16:02',NULL,2,0),(61,'020.2','Лоток картонный с наполнением',NULL,NULL,0,123,65,483,123,65,483,'5e5329','2020-02-25 19:33:34',NULL,NULL,2,1),(62,'021.1','Лоток картонный с наполнением',NULL,NULL,0,180,100,483,180,100,483,'c87103','2020-02-25 19:40:53',NULL,NULL,2,1),(63,'019.3','Лоток картонный с наполнением',NULL,NULL,0,147,35,483,147,35,483,'956527','2020-02-25 19:48:22',NULL,NULL,2,1),(64,'035.3','Полка с наполнением',NULL,NULL,0,998,218,498,998,218,498,'1c3f32','2020-02-25 19:55:25',NULL,NULL,2,0),(65,'035.4','Полка с наполнением',NULL,NULL,0,998,218,498,998,218,498,'1b333b','2020-02-25 20:02:54',NULL,NULL,2,0),(66,'B018','Лоток картонный Тип 0',NULL,NULL,0,82,46,483,82,46,483,'b58c60','2020-02-25 20:10:59','2020-03-02 03:03:57',NULL,3,1),(67,'035.6','Полка с наполнением',NULL,NULL,0,998,218,498,998,218,498,'2d7760','2020-02-25 20:25:47',NULL,NULL,2,0),(68,'B023','Лоток картонный Тип 5',NULL,NULL,0,123,35,483,123,35,483,'e3983c','2020-02-25 20:28:23',NULL,NULL,NULL,0),(69,'035.7','Полка с наполнением',NULL,NULL,0,998,218,498,998,218,498,'3ec3ad','2020-02-25 20:36:09',NULL,NULL,2,0),(70,'021.7','Лоток картонный с наполнением',NULL,NULL,0,180,100,483,180,100,483,'c87103','2020-02-25 20:38:32',NULL,NULL,2,1),(71,'021.8','Лоток картонный с наполнением',NULL,NULL,0,180,100,483,180,100,483,'eba575','2020-02-25 20:42:11',NULL,NULL,2,1),(72,'035.8','Полка с наполнением',NULL,NULL,0,998,218,498,998,218,498,'2f9b8a','2020-02-25 20:44:23',NULL,NULL,2,0),(73,'035.9','Полка с наполнением',NULL,NULL,0,998,218,498,998,218,498,'14578a','2020-02-25 20:46:39',NULL,NULL,NULL,0),(74,'400.1','Стилаж с наполнением',NULL,NULL,900000,1000,2700,398,1000,2700,398,'3a88fe','2020-02-25 21:31:59','2020-02-29 17:26:12',NULL,3,0);
/*!40000 ALTER TABLE `package` ENABLE KEYS */;
UNLOCK TABLES;

--
-- Dumping data for table `package_photo`
--

LOCK TABLES `package_photo` WRITE;
/*!40000 ALTER TABLE `package_photo` DISABLE KEYS */;
/*!40000 ALTER TABLE `package_photo` ENABLE KEYS */;
UNLOCK TABLES;

--
-- Dumping data for table `packing0`
--

LOCK TABLES `packing0` WRITE;
/*!40000 ALTER TABLE `packing0` DISABLE KEYS */;
/*!40000 ALTER TABLE `packing0` ENABLE KEYS */;
UNLOCK TABLES;

--
-- Dumping data for table `packing1`
--

LOCK TABLES `packing1` WRITE;
/*!40000 ALTER TABLE `packing1` DISABLE KEYS */;
/*!40000 ALTER TABLE `packing1` ENABLE KEYS */;
UNLOCK TABLES;

--
-- Dumping data for table `packing2`
--

LOCK TABLES `packing2` WRITE;
/*!40000 ALTER TABLE `packing2` DISABLE KEYS */;
/*!40000 ALTER TABLE `packing2` ENABLE KEYS */;
UNLOCK TABLES;

--
-- Dumping data for table `packing3`
--

LOCK TABLES `packing3` WRITE;
/*!40000 ALTER TABLE `packing3` DISABLE KEYS */;
/*!40000 ALTER TABLE `packing3` ENABLE KEYS */;
UNLOCK TABLES;

--
-- Dumping data for table `packing4`
--

LOCK TABLES `packing4` WRITE;
/*!40000 ALTER TABLE `packing4` DISABLE KEYS */;
/*!40000 ALTER TABLE `packing4` ENABLE KEYS */;
UNLOCK TABLES;

--
-- Dumping data for table `payer`
--

LOCK TABLES `payer` WRITE;
/*!40000 ALTER TABLE `payer` DISABLE KEYS */;
/*!40000 ALTER TABLE `payer` ENABLE KEYS */;
UNLOCK TABLES;

--
-- Dumping data for table `payer_type`
--

LOCK TABLES `payer_type` WRITE;
/*!40000 ALTER TABLE `payer_type` DISABLE KEYS */;
/*!40000 ALTER TABLE `payer_type` ENABLE KEYS */;
UNLOCK TABLES;

--
-- Dumping data for table `person`
--

LOCK TABLES `person` WRITE;
/*!40000 ALTER TABLE `person` DISABLE KEYS */;
/*!40000 ALTER TABLE `person` ENABLE KEYS */;
UNLOCK TABLES;

--
-- Dumping data for table `place`
--

LOCK TABLES `place` WRITE;
/*!40000 ALTER TABLE `place` DISABLE KEYS */;
/*!40000 ALTER TABLE `place` ENABLE KEYS */;
UNLOCK TABLES;

--
-- Dumping data for table `place_prototype`
--

LOCK TABLES `place_prototype` WRITE;
/*!40000 ALTER TABLE `place_prototype` DISABLE KEYS */;
INSERT  IGNORE INTO `place_prototype` (`id`, `package_id`, `sub_package_id`, `inrow`, `x`, `y`) VALUES (116,59,17,0,12,5),(117,59,17,0,12,244),(998,69,70,0,409,6),(1003,69,70,0,409,112),(1035,72,71,0,409,6),(1040,72,28,0,409,112),(1135,25,21,0,1.5,5.25),(1136,25,16,0,2.5,68.5),(1137,25,16,0,2.5,275.75),(1138,53,21,0,1.5,2.111111111111111),(1139,53,21,0,1.5,62.22222222222223),(1140,53,21,0,1.5,122.33333333333334),(1141,53,21,0,1.5,182.44444444444446),(1142,53,21,0,1.5,242.55555555555557),(1143,53,21,0,1.5,302.66666666666663),(1144,53,21,0,1.5,362.7777777777777),(1145,53,21,0,1.5,422.8888888888888),(1160,61,37,0,4.5,13.25),(1161,61,37,0,4.5,185.5),(1162,61,8,0,5.5,357.75),(1163,55,19,0,16,26.75),(1164,55,19,0,98,26.75),(1165,55,24,0,12.5,89.5),(1166,55,24,0,12.5,286.25),(1182,70,19,0,16,26.75),(1183,70,19,0,98,26.75),(1184,70,24,0,12.5,89.5),(1185,70,24,0,12.5,286.25),(1186,71,15,0,4,11.833333333333334),(1187,71,15,0,4,103.66666666666666),(1188,71,15,0,4,195.5),(1189,71,14,0,17.5,287.3333333333333),(1190,71,14,0,17.5,385.16666666666663),(1197,58,27,0,17.125,5.75),(1198,58,27,0,157.25,5.75),(1199,58,27,0,297.375,5.75),(1200,58,27,0,437.5,5.75),(1201,58,27,0,577.625,5.75),(1202,58,27,0,717.75,5.75),(1203,58,27,0,857.875,5.75),(1204,58,59,0,17.125,76.5),(1205,58,59,0,157.25,76.5),(1206,58,59,0,297.375,76.5),(1207,58,59,0,437.5,76.5),(1208,58,59,0,577.625,76.5),(1209,58,59,0,717.75,76.5),(1210,58,59,0,857.875,76.5),(1211,58,59,0,17.125,147.25),(1212,58,59,0,157.25,147.25),(1213,58,59,0,297.375,147.25),(1214,58,59,0,437.5,147.25),(1215,58,59,0,577.625,147.25),(1216,58,59,0,717.75,147.25),(1217,58,59,0,857.875,147.25),(1218,60,61,0,17.125,5.75),(1219,60,61,0,157.25,5.75),(1220,60,61,0,297.375,5.75),(1221,60,61,0,437.5,5.75),(1222,60,61,0,577.625,5.75),(1223,60,61,0,717.75,5.75),(1224,60,61,0,857.875,5.75),(1225,60,61,0,17.125,76.5),(1226,60,61,0,157.25,76.5),(1227,60,61,0,297.375,76.5),(1228,60,61,0,437.5,76.5),(1229,60,61,0,577.625,76.5),(1230,60,61,0,717.75,76.5),(1231,60,61,0,857.875,76.5),(1232,60,61,0,17.125,147.25),(1233,60,61,0,157.25,147.25),(1234,60,61,0,297.375,147.25),(1235,60,61,0,437.5,147.25),(1236,60,61,0,577.625,147.25),(1237,60,61,0,717.75,147.25),(1238,60,61,0,857.875,147.25),(1239,64,63,0,16.571428571428573,7.166666666666667),(1240,64,63,0,180.14285714285717,7.166666666666667),(1241,64,63,0,343.7142857142857,7.166666666666667),(1242,64,63,0,507.2857142857143,7.166666666666667),(1243,64,63,0,670.8571428571428,7.166666666666667),(1244,64,63,0,834.4285714285713,7.166666666666667),(1245,64,63,0,16.571428571428573,49.33333333333333),(1246,64,63,0,180.14285714285717,49.33333333333333),(1247,64,63,0,343.7142857142857,49.33333333333333),(1248,64,63,0,507.2857142857143,49.33333333333333),(1249,64,63,0,670.8571428571428,49.33333333333333),(1250,64,63,0,834.4285714285713,49.33333333333333),(1251,64,63,0,16.571428571428573,91.5),(1252,64,63,0,180.14285714285717,91.5),(1253,64,63,0,343.7142857142857,91.5),(1254,64,63,0,507.2857142857143,91.5),(1255,64,63,0,670.8571428571428,91.5),(1256,64,63,0,834.4285714285713,91.5),(1257,64,63,0,16.571428571428573,133.66666666666666),(1258,64,63,0,180.14285714285717,133.66666666666666),(1259,64,63,0,343.7142857142857,133.66666666666666),(1260,64,63,0,507.2857142857143,133.66666666666666),(1261,64,63,0,670.8571428571428,133.66666666666666),(1262,64,63,0,834.4285714285713,133.66666666666666),(1263,64,26,0,16.571428571428573,175.83333333333331),(1264,64,26,0,180.14285714285717,175.83333333333331),(1265,64,26,0,343.7142857142857,175.83333333333331),(1266,64,26,0,507.2857142857143,175.83333333333331),(1267,64,26,0,670.8571428571428,175.83333333333331),(1268,64,26,0,834.4285714285713,175.83333333333331),(1269,65,25,0,16.181818181818183,6.8),(1270,65,25,0,114.36363636363637,6.8),(1271,65,25,0,212.54545454545456,6.8),(1272,65,25,0,310.72727272727275,6.8),(1273,65,25,0,408.90909090909093,6.8),(1274,65,25,0,507.0909090909091,6.8),(1275,65,25,0,605.2727272727273,6.8),(1276,65,25,0,703.4545454545454,6.8),(1277,65,25,0,801.6363636363635,6.8),(1278,65,25,0,899.8181818181816,6.8),(1279,65,25,0,16.181818181818183,59.599999999999994),(1280,65,25,0,114.36363636363637,59.599999999999994),(1281,65,25,0,212.54545454545456,59.599999999999994),(1282,65,25,0,310.72727272727275,59.599999999999994),(1283,65,25,0,408.90909090909093,59.599999999999994),(1284,65,25,0,507.0909090909091,59.599999999999994),(1285,65,25,0,605.2727272727273,59.599999999999994),(1286,65,25,0,703.4545454545454,59.599999999999994),(1287,65,25,0,801.6363636363635,59.599999999999994),(1288,65,25,0,899.8181818181816,59.599999999999994),(1289,65,25,0,16.181818181818183,112.39999999999999),(1290,65,25,0,114.36363636363637,112.39999999999999),(1291,65,25,0,212.54545454545456,112.39999999999999),(1292,65,25,0,310.72727272727275,112.39999999999999),(1293,65,25,0,408.90909090909093,112.39999999999999),(1294,65,25,0,507.0909090909091,112.39999999999999),(1295,65,25,0,605.2727272727273,112.39999999999999),(1296,65,25,0,703.4545454545454,112.39999999999999),(1297,65,25,0,801.6363636363635,112.39999999999999),(1298,65,25,0,899.8181818181816,112.39999999999999),(1299,65,66,0,16.181818181818183,165.2),(1300,65,66,0,114.36363636363637,165.2),(1301,65,66,0,212.54545454545456,165.2),(1302,65,66,0,310.72727272727275,165.2),(1303,65,66,0,408.90909090909093,165.2),(1304,65,66,0,507.0909090909091,165.2),(1305,65,66,0,605.2727272727273,165.2),(1306,65,66,0,703.4545454545454,165.2),(1307,65,66,0,801.6363636363635,165.2),(1308,65,66,0,899.8181818181816,165.2),(1309,54,53,0,16.181818181818183,6.8),(1310,54,53,0,114.36363636363637,6.8),(1311,54,53,0,212.54545454545456,6.8),(1312,54,53,0,310.72727272727275,6.8),(1313,54,53,0,408.90909090909093,6.8),(1314,54,53,0,507.0909090909091,6.8),(1315,54,53,0,605.2727272727273,6.8),(1316,54,53,0,703.4545454545454,6.8),(1317,54,53,0,801.6363636363635,6.8),(1318,54,53,0,899.8181818181816,6.8),(1319,54,53,0,16.181818181818183,59.599999999999994),(1320,54,53,0,114.36363636363637,59.599999999999994),(1321,54,53,0,212.54545454545456,59.599999999999994),(1322,54,53,0,310.72727272727275,59.599999999999994),(1323,54,53,0,408.90909090909093,59.599999999999994),(1324,54,53,0,507.0909090909091,59.599999999999994),(1325,54,53,0,605.2727272727273,59.599999999999994),(1326,54,53,0,703.4545454545454,59.599999999999994),(1327,54,53,0,801.6363636363635,59.599999999999994),(1328,54,53,0,899.8181818181816,59.599999999999994),(1329,54,53,0,16.181818181818183,112.39999999999999),(1330,54,53,0,114.36363636363637,112.39999999999999),(1331,54,53,0,212.54545454545456,112.39999999999999),(1332,54,53,0,310.72727272727275,112.39999999999999),(1333,54,53,0,408.90909090909093,112.39999999999999),(1334,54,53,0,507.0909090909091,112.39999999999999),(1335,54,53,0,605.2727272727273,112.39999999999999),(1336,54,53,0,703.4545454545454,112.39999999999999),(1337,54,53,0,801.6363636363635,112.39999999999999),(1338,54,53,0,899.8181818181816,112.39999999999999),(1339,54,66,0,16.181818181818183,165.2),(1340,54,66,0,114.36363636363637,165.2),(1341,54,66,0,212.54545454545456,165.2),(1342,54,66,0,310.72727272727275,165.2),(1343,54,66,0,408.90909090909093,165.2),(1344,54,66,0,507.0909090909091,165.2),(1345,54,66,0,605.2727272727273,165.2),(1346,54,66,0,703.4545454545454,165.2),(1347,54,66,0,801.6363636363635,165.2),(1348,54,66,0,899.8181818181816,165.2),(1349,67,29,0,17.125,7.166666666666667),(1350,67,29,0,157.25,7.166666666666667),(1351,67,29,0,297.375,7.166666666666667),(1352,67,29,0,437.5,7.166666666666667),(1353,67,29,0,577.625,7.166666666666667),(1354,67,29,0,717.75,7.166666666666667),(1355,67,29,0,857.875,7.166666666666667),(1356,67,29,0,17.125,49.33333333333333),(1357,67,29,0,157.25,49.33333333333333),(1358,67,29,0,297.375,49.33333333333333),(1359,67,29,0,437.5,49.33333333333333),(1360,67,29,0,577.625,49.33333333333333),(1361,67,29,0,717.75,49.33333333333333),(1362,67,29,0,857.875,49.33333333333333),(1363,67,29,0,17.125,91.5),(1364,67,29,0,157.25,91.5),(1365,67,29,0,297.375,91.5),(1366,67,29,0,437.5,91.5),(1367,67,29,0,577.625,91.5),(1368,67,29,0,717.75,91.5),(1369,67,29,0,857.875,91.5),(1370,67,68,0,17.125,133.66666666666666),(1371,67,68,0,157.25,133.66666666666666),(1372,67,68,0,297.375,133.66666666666666),(1373,67,68,0,437.5,133.66666666666666),(1374,67,68,0,577.625,133.66666666666666),(1375,67,68,0,717.75,133.66666666666666),(1376,67,68,0,857.875,133.66666666666666),(1377,67,68,0,17.125,175.83333333333331),(1378,67,68,0,157.25,175.83333333333331),(1379,67,68,0,297.375,175.83333333333331),(1380,67,68,0,437.5,175.83333333333331),(1381,67,68,0,577.625,175.83333333333331),(1382,67,68,0,717.75,175.83333333333331),(1383,67,68,0,857.875,175.83333333333331),(1384,69,70,0,16.333333333333332,6),(1385,69,70,0,212.66666666666669,6),(1386,69,70,0,605.3333333333334,6),(1387,69,70,0,801.6666666666667,6),(1388,69,70,0,16.333333333333332,112),(1389,69,70,0,212.66666666666669,112),(1390,69,70,0,605.3333333333334,112),(1391,69,70,0,801.6666666666667,112),(1392,72,71,0,16.333333333333332,6),(1393,72,71,0,212.66666666666669,6),(1394,72,71,0,605.3333333333334,6),(1395,72,71,0,801.6666666666667,6),(1396,72,28,0,16.333333333333332,112),(1397,72,28,0,212.66666666666669,112),(1398,72,28,0,605.3333333333334,112),(1399,72,28,0,801.6666666666667,112),(1400,73,42,0,336.5,4),(1440,63,18,0,3.6666666666666665,1.5),(1441,63,18,0,32.333333333333336,1.5),(1442,63,18,0,61,1.5),(1443,63,18,0,89.66666666666667,1.5),(1444,63,18,0,118.33333333333334,1.5),(1445,63,18,0,3.6666666666666665,26),(1446,63,18,0,32.333333333333336,26),(1447,63,18,0,61,26),(1448,63,18,0,89.66666666666667,26),(1449,63,18,0,118.33333333333334,26),(1450,63,36,0,1,50.5),(1451,63,36,0,1,137),(1452,63,36,0,1,223.5),(1453,63,36,0,1,310),(1454,63,36,0,1,396.5),(1485,62,18,0,9.166666666666666,1.5),(1486,62,18,0,43.33333333333333,1.5),(1487,62,18,0,77.5,1.5),(1488,62,18,0,111.66666666666667,1.5),(1489,62,18,0,145.83333333333334,1.5),(1490,62,18,0,9.166666666666666,26),(1491,62,18,0,43.33333333333333,26),(1492,62,18,0,77.5,26),(1493,62,18,0,111.66666666666667,26),(1494,62,18,0,145.83333333333334,26),(1495,62,36,0,17.5,50.5),(1496,62,36,0,17.5,137),(1497,62,36,0,17.5,223.5),(1498,62,36,0,17.5,310),(1499,62,36,0,17.5,396.5),(1500,29,13,0,1,3.857142857142857),(1501,29,13,0,1,83.71428571428572),(1502,29,13,0,1,163.57142857142858),(1503,29,13,0,1,243.42857142857144),(1504,29,13,0,1,323.2857142857143),(1505,29,13,0,1,403.1428571428571),(1533,4,58,0,1,30),(1534,4,60,0,1,278),(1535,4,64,0,1,526),(1536,4,65,0,1,774),(1537,4,54,0,1,1022),(1538,4,67,0,1,1270),(1539,4,69,0,1,1518),(1540,4,72,0,1,1766),(1541,4,73,0,1,2014);
/*!40000 ALTER TABLE `place_prototype` ENABLE KEYS */;
UNLOCK TABLES;

--
-- Dumping data for table `place_purpose`
--

LOCK TABLES `place_purpose` WRITE;
/*!40000 ALTER TABLE `place_purpose` DISABLE KEYS */;
INSERT  IGNORE INTO `place_purpose` (`id`, `name`) VALUES (1,'Для хранения товара'),(2,'Для хранения готовых заказов'),(3,'Для хранения вновь поступившего товара');
/*!40000 ALTER TABLE `place_purpose` ENABLE KEYS */;
UNLOCK TABLES;

--
-- Dumping data for table `place_status`
--

LOCK TABLES `place_status` WRITE;
/*!40000 ALTER TABLE `place_status` DISABLE KEYS */;
INSERT  IGNORE INTO `place_status` (`id`, `name`) VALUES (1,'Свободно'),(2,'Частично занято'),(3,'Занято'),(4,'В ремонте'),(5,'В резерве'),(6,'Удалено');
/*!40000 ALTER TABLE `place_status` ENABLE KEYS */;
UNLOCK TABLES;

--
-- Dumping data for table `place_type`
--

LOCK TABLES `place_type` WRITE;
/*!40000 ALTER TABLE `place_type` DISABLE KEYS */;
INSERT  IGNORE INTO `place_type` (`id`, `name`) VALUES (1,'Ячейка'),(2,'Контейнер'),(3,'Лоток'),(4,'Полка'),(5,'Площадка');
/*!40000 ALTER TABLE `place_type` ENABLE KEYS */;
UNLOCK TABLES;

--
-- Dumping data for table `product`
--

LOCK TABLES `product` WRITE;
/*!40000 ALTER TABLE `product` DISABLE KEYS */;
/*!40000 ALTER TABLE `product` ENABLE KEYS */;
UNLOCK TABLES;

--
-- Dumping data for table `product_category`
--

LOCK TABLES `product_category` WRITE;
/*!40000 ALTER TABLE `product_category` DISABLE KEYS */;
INSERT  IGNORE INTO `product_category` (`id`, `name`) VALUES (1,'Штучный товар'),(2,'Простое изделие'),(3,'Сложное изделие'),(4,'Профиль');
/*!40000 ALTER TABLE `product_category` ENABLE KEYS */;
UNLOCK TABLES;

--
-- Dumping data for table `product_composite`
--

LOCK TABLES `product_composite` WRITE;
/*!40000 ALTER TABLE `product_composite` DISABLE KEYS */;
/*!40000 ALTER TABLE `product_composite` ENABLE KEYS */;
UNLOCK TABLES;

--
-- Dumping data for table `product_info`
--

LOCK TABLES `product_info` WRITE;
/*!40000 ALTER TABLE `product_info` DISABLE KEYS */;
/*!40000 ALTER TABLE `product_info` ENABLE KEYS */;
UNLOCK TABLES;

--
-- Dumping data for table `product_kit`
--

LOCK TABLES `product_kit` WRITE;
/*!40000 ALTER TABLE `product_kit` DISABLE KEYS */;
/*!40000 ALTER TABLE `product_kit` ENABLE KEYS */;
UNLOCK TABLES;

--
-- Dumping data for table `product_kit_content`
--

LOCK TABLES `product_kit_content` WRITE;
/*!40000 ALTER TABLE `product_kit_content` DISABLE KEYS */;
/*!40000 ALTER TABLE `product_kit_content` ENABLE KEYS */;
UNLOCK TABLES;

--
-- Dumping data for table `product_profile`
--

LOCK TABLES `product_profile` WRITE;
/*!40000 ALTER TABLE `product_profile` DISABLE KEYS */;
/*!40000 ALTER TABLE `product_profile` ENABLE KEYS */;
UNLOCK TABLES;

--
-- Dumping data for table `product_simple`
--

LOCK TABLES `product_simple` WRITE;
/*!40000 ALTER TABLE `product_simple` DISABLE KEYS */;
/*!40000 ALTER TABLE `product_simple` ENABLE KEYS */;
UNLOCK TABLES;

--
-- Dumping data for table `product_simple_part`
--

LOCK TABLES `product_simple_part` WRITE;
/*!40000 ALTER TABLE `product_simple_part` DISABLE KEYS */;
/*!40000 ALTER TABLE `product_simple_part` ENABLE KEYS */;
UNLOCK TABLES;

--
-- Dumping data for table `product_single`
--

LOCK TABLES `product_single` WRITE;
/*!40000 ALTER TABLE `product_single` DISABLE KEYS */;
/*!40000 ALTER TABLE `product_single` ENABLE KEYS */;
UNLOCK TABLES;

--
-- Dumping data for table `product_type`
--

LOCK TABLES `product_type` WRITE;
/*!40000 ALTER TABLE `product_type` DISABLE KEYS */;
INSERT  IGNORE INTO `product_type` (`id`, `name`) VALUES (1,'Штучный товар'),(2,'Часть простого изделия'),(3,'Простое изделие'),(4,'Сложное изделие'),(5,'Комплект товаров');
/*!40000 ALTER TABLE `product_type` ENABLE KEYS */;
UNLOCK TABLES;

--
-- Dumping data for table `rack`
--

LOCK TABLES `rack` WRITE;
/*!40000 ALTER TABLE `rack` DISABLE KEYS */;
/*!40000 ALTER TABLE `rack` ENABLE KEYS */;
UNLOCK TABLES;

--
-- Dumping data for table `rack_type`
--

LOCK TABLES `rack_type` WRITE;
/*!40000 ALTER TABLE `rack_type` DISABLE KEYS */;
/*!40000 ALTER TABLE `rack_type` ENABLE KEYS */;
UNLOCK TABLES;

--
-- Dumping data for table `recipient`
--

LOCK TABLES `recipient` WRITE;
/*!40000 ALTER TABLE `recipient` DISABLE KEYS */;
/*!40000 ALTER TABLE `recipient` ENABLE KEYS */;
UNLOCK TABLES;

--
-- Dumping data for table `shelf`
--

LOCK TABLES `shelf` WRITE;
/*!40000 ALTER TABLE `shelf` DISABLE KEYS */;
/*!40000 ALTER TABLE `shelf` ENABLE KEYS */;
UNLOCK TABLES;

--
-- Dumping data for table `shelf_type`
--

LOCK TABLES `shelf_type` WRITE;
/*!40000 ALTER TABLE `shelf_type` DISABLE KEYS */;
/*!40000 ALTER TABLE `shelf_type` ENABLE KEYS */;
UNLOCK TABLES;

--
-- Dumping data for table `tray`
--

LOCK TABLES `tray` WRITE;
/*!40000 ALTER TABLE `tray` DISABLE KEYS */;
/*!40000 ALTER TABLE `tray` ENABLE KEYS */;
UNLOCK TABLES;

--
-- Dumping data for table `tray_type`
--

LOCK TABLES `tray_type` WRITE;
/*!40000 ALTER TABLE `tray_type` DISABLE KEYS */;
/*!40000 ALTER TABLE `tray_type` ENABLE KEYS */;
UNLOCK TABLES;

--
-- Dumping data for table `user`
--

LOCK TABLES `user` WRITE;
/*!40000 ALTER TABLE `user` DISABLE KEYS */;
/*!40000 ALTER TABLE `user` ENABLE KEYS */;
UNLOCK TABLES;

--
-- Dumping data for table `user_payer`
--

LOCK TABLES `user_payer` WRITE;
/*!40000 ALTER TABLE `user_payer` DISABLE KEYS */;
/*!40000 ALTER TABLE `user_payer` ENABLE KEYS */;
UNLOCK TABLES;

--
-- Dumping data for table `user_recipient`
--

LOCK TABLES `user_recipient` WRITE;
/*!40000 ALTER TABLE `user_recipient` DISABLE KEYS */;
/*!40000 ALTER TABLE `user_recipient` ENABLE KEYS */;
UNLOCK TABLES;

--
-- Dumping data for table `warehouse`
--

LOCK TABLES `warehouse` WRITE;
/*!40000 ALTER TABLE `warehouse` DISABLE KEYS */;
INSERT  IGNORE INTO `warehouse` (`id`, `name`) VALUES (1,'Склад №1'),(2,'Склад №2'),(3,'Склад №3');
/*!40000 ALTER TABLE `warehouse` ENABLE KEYS */;
UNLOCK TABLES;

--
-- Dumping data for table `warehouse_type`
--

LOCK TABLES `warehouse_type` WRITE;
/*!40000 ALTER TABLE `warehouse_type` DISABLE KEYS */;
/*!40000 ALTER TABLE `warehouse_type` ENABLE KEYS */;
UNLOCK TABLES;

--
-- Dumping data for table `zone`
--

LOCK TABLES `zone` WRITE;
/*!40000 ALTER TABLE `zone` DISABLE KEYS */;
INSERT  IGNORE INTO `zone` (`id`, `warehouse_id`, `name`) VALUES (1,1,'Зона №1'),(2,1,'Зона №2'),(3,2,'Зона №1'),(4,2,'Зона №2'),(5,3,'Зона №1'),(6,3,'Зона №2');
/*!40000 ALTER TABLE `zone` ENABLE KEYS */;
UNLOCK TABLES;

--
-- Dumping data for table `zone_type`
--

LOCK TABLES `zone_type` WRITE;
/*!40000 ALTER TABLE `zone_type` DISABLE KEYS */;
/*!40000 ALTER TABLE `zone_type` ENABLE KEYS */;
UNLOCK TABLES;
/*!40103 SET TIME_ZONE=@OLD_TIME_ZONE */;

/*!40101 SET SQL_MODE=@OLD_SQL_MODE */;
/*!40014 SET FOREIGN_KEY_CHECKS=@OLD_FOREIGN_KEY_CHECKS */;
/*!40014 SET UNIQUE_CHECKS=@OLD_UNIQUE_CHECKS */;
/*!40101 SET CHARACTER_SET_CLIENT=@OLD_CHARACTER_SET_CLIENT */;
/*!40101 SET CHARACTER_SET_RESULTS=@OLD_CHARACTER_SET_RESULTS */;
/*!40101 SET COLLATION_CONNECTION=@OLD_COLLATION_CONNECTION */;
/*!40111 SET SQL_NOTES=@OLD_SQL_NOTES */;

-- Dump completed on 2020-03-04  5:52:20
